proveedor,dias_que_viene_a_tomar_pedido,dia_que_entrega,productos_en_catalogo
"ALPINA",,,186
"ALVARO MUÑOZ",,,120
"AREPA MAIZ BLANCO",,,0
"AREPA PARA ASAR",,,0
"BAVARIA DISTRIBUCIONES",,,48
"BIMBO DISTRIVENTAS DEL SUR",,,88
"BONELO HUEVOS",,,4
"CAROLINA DE GARZON SOCIEDAD DEPOSITO CAROLINA",,,737
"CIGARRILLOS",,,0
"COCACOLA DISTRIBUCIONES",,,38
"COLOMBINA DISTRIBUCIONES",,,253
"COMESTIBLES LABOYANA",,,95
"COOCENTRAL",,,3
"DISTRIALDANA",,,80
"DISTRICUELLAR DISTRIBUCIONES CUELLAR",,,389
"DISTRIGRANOS SANJOSE",,,1
"DISTRIHOGAR B.B",,,56
"DISTRIMARCA HELADOS",,,62
"DISTRIMARIO SAS",,,512
"DISTRIVENTAS DEL HUILA",,,69
"FELINI DISTRIBUCIONES",,,15
"GERDY DISTRIBUCIONES",,,152
"GLOFER DISTRIBUCIONES",,,69
"GRADEZCO LTDA",,,24
"GUADALUPE ARDICOLL",,,22
"HELADOS MARTICA",,,14
"HGW COLOMBIA",,,13
"InterPOS",,,88
"INVERSIONES GUTIERREZ EQCO",,,10
"JHONATAN BOLSAS",,,5
"JUANVA CAFE",,,1
"MARGARITA DISTRIBUCIONES CUEVAS",,,52
"MD DISTRIBUCIONES",,,79
"METRICAS DISTRIBUCIONES",,,0
"MULTIPAN GARZON",,,3
"OTROS GASTOS",,,0
"PAN CUAJADO",,,0
"PAN TOSTADO",,,0
"PANELA NATURAL ISNOS",,,1
"PARMALAT",,,7
"PLASTICO SURCOLOMBIANO",,,131
"PLATANOS VERDES",,,0
"POSTOBON",,,11
"PROGRESAR NESTLE",,,81
"RAMO",,,24
"REYMA QUESOS FABRICA",,,17
"RIVIERA DISTRIBUCIONES",,,3
"SURCOLAC PUREZA",,,9
"SURTILIMA",,,34
"TECNOVENTAS DISTRIBUCIONES",,,46
"UNIMASIVOS",,,99
"YUPI DISTRIBUCIONES DONDE MARIO",,,0
